text,name
"Title: Exploring the Lives of Diverse Individuals: A Glimpse into Humanity

In a world as diverse and multifaceted as ours, individuals come from all walks of life, contributing to the richness of human experience. Each person possesses a unique story, shaped by their background, experiences, aspirations, and contributions to society. In this article, we will take a glimpse into the lives of random individuals, celebrating the uniqueness that makes humanity truly remarkable.

Sarah, a self-driven entrepreneur, has been making waves in the tech industry. With a passion for innovation and a vision to improve the lives of people, she co-founded a successful startup focused on sustainable technology solutions. Through her dedication and relentless pursuit of excellence, Sarah has not only achieved personal success but has also positively impacted the world by promoting sustainability and fostering growth in her community.

Mark has dedicated his life to humanitarian work, traveling to impoverished regions around the world to provide aid and support. His kindness and unwavering commitment to improving the lives of others have made a significant difference in countless communities. Mark's journey is a testament to the transformative power of empathy and compassion, reminding us all of the impact one individual can have on the world.

Aisha, a dedicated educator, believes in the power of education to shape young minds and create a better future. She has spent decades in the field of education, inspiring and nurturing the talents of numerous students. Aisha's dedication to her students and her innovative teaching methods have had a profound influence on the lives of many, leaving an indelible mark on the society she serves.

Carlos, a gifted artist, uses his creativity to communicate complex emotions and experiences through his artwork. His paintings are not only visually stunning but also deeply meaningful, conveying powerful messages about the human condition and society. Carlos's ability to touch hearts and provoke thought through his art exemplifies the transformative potential of creativity and self-expression.

These individuals, Sarah, Mark, Aisha, and Carlos, represent just a fraction of the diverse and remarkable people who inhabit our world. Their stories demonstrate the power of passion, compassion, dedication, and creativity, showcasing the incredible impact that individuals can have on the lives of others and the world at large. As we celebrate the uniqueness of each person, let us recognize and honor the contributions of these individuals and countless others who shape the tapestry of humanity.","Sarah, Mark, Aisha, Carlos"
"Shah Rukh Khan: A Beacon of Bollywood Brilliance

Shah Rukh Khan, often lovingly referred to as the ""King of Bollywood,"" stands as a true icon in the world of cinema. With a career spanning decades, Khan has captivated audiences not only in India but across the globe with his charismatic presence and exceptional acting talent. Born on November 2, 1965, in New Delhi, India, Shah Rukh Khan's journey to stardom is a testament to his perseverance, dedication, and passion for the craft of acting.

Starting his acting career in television with shows like ""Fauji"" and ""Dil Dariya,"" Khan quickly transitioned to the silver screen and gained widespread recognition with his breakthrough performance in the film ""Deewana"" (1992). This was the beginning of an illustrious film career that would see him become one of the most prominent and beloved actors in the Indian film industry.

Khan's acting prowess is unparalleled, and his ability to seamlessly portray a diverse range of characters has earned him critical acclaim. From romantic leads in movies like ""Dilwale Dulhania Le Jayenge"" and ""Kuch Kuch Hota Hai"" to intense roles in ""Don"" and ""My Name Is Khan,"" his versatility has garnered him a massive fan following and numerous awards.

Apart from acting, Shah Rukh Khan is also a successful film producer and a co-owner of the Kolkata Knight Riders, a team in the Indian Premier League. He has used his influence to support various causes, including child healthcare and education, reflecting his dedication to making a positive impact on society.

Khan's influence transcends borders, making him a global ambassador for Indian cinema. His charisma, intelligence, and humility have earned him admirers worldwide, solidifying his status as a cultural icon. Shah Rukh Khan's journey is an inspiration, showcasing how hard work, talent, and perseverance can lead to unparalleled success and recognition on a global stage.",Shah Rukh Khan
"Lionel Messi: A Maestro on the Football Field

Lionel Messi, often hailed as one of the greatest footballers of all time, has graced the football world with his extraordinary talent and skills. Born on June 24, 1987, in Rosario, Argentina, Messi's journey to becoming a football legend started at a young age. His innate ability to dribble past defenders and score breathtaking goals was evident even in his early years.

Messi's professional career began with FC Barcelona, where he joined the youth academy La Masia at the age of 13. From there, he rose through the ranks to become a cornerstone of the club's success. With Barcelona, Messi has won numerous domestic and international titles, including multiple UEFA Champions League and La Liga titles.

His incredible speed, vision, precise passing, and unparalleled goal-scoring ability have earned him a record-breaking number of awards, including multiple Ballon d'Or trophies. Messi's agility and creativity on the field have left both fans and opponents in awe, making him a true icon of the sport.

In addition to his club success, Messi has also had a significant impact on the international stage, representing the Argentine national team. He has played in multiple FIFA World Cup tournaments and Copa America, showcasing his exceptional talent while wearing the blue and white stripes of his country.

Lionel Messi's dedication to his craft, combined with his sportsmanship and humble demeanor off the field, has endeared him to fans globally. He continues to inspire aspiring footballers and remains a role model for many, leaving an indelible mark on the beautiful game.",Lionel Messi
"The Pioneers of Politics: A Glimpse into Leaders and Visionaries

In the intricate world of politics, a diverse group of individuals emerges as influential figures, each with their own vision, ideologies, and goals. These leaders, be it on a national or global scale, shape the course of history and impact the lives of countless individuals.

Winston Churchill, the indomitable British Prime Minister during World War II, showcased unwavering determination and resilience, inspiring a nation to stand strong in the face of adversity. His speeches and strategic acumen played a pivotal role in the eventual triumph of the Allies.

Nelson Mandela, an icon of peace and equality, fought against apartheid in South Africa, enduring years of imprisonment to secure freedom and equality for his people. His relentless dedication to justice and reconciliation made him a symbol of hope and resilience, not only for South Africa but for the entire world.

Angela Merkel, the first female Chancellor of Germany, demonstrated exceptional leadership during her tenure. Her pragmatic approach and steadfast commitment to the European Union solidified her position as a global political figure, shaping policies that impacted not only Germany but the entire European continent.

In the United States, Franklin D. Roosevelt, the 32nd President, steered the nation through the Great Depression and World War II. His New Deal policies and visionary leadership helped rebuild the country and establish a new era of social and economic reforms.

These individuals, and many others like them, illustrate the breadth and impact of political leadership. Their efforts and legacies remind us of the power of vision, determination, and diplomacy in navigating the complex world of politics and shaping the future of nations.","WinstonChurchill, NelsonMandela, AngelaMerkel, FranklinD.Roosevelt"
"Game Characters: Icons of Virtual Realities

From the pixelated realms of video games, a myriad of characters has emerged, captivating players and etching their names into gaming history. These digital avatars, each with unique traits and narratives, become conduits for immersion and storytelling within the gaming universe.

Mario, the iconic plumber from the Mushroom Kingdom, has been a staple of Nintendo's gaming world since the 1980s. His adventures to rescue Princess Peach from the clutches of Bowser have become a timeless narrative, and his cheerful persona and relentless optimism have made him a beloved character globally.

Lara Croft, the adventurous archaeologist, has been a trailblazer in the gaming world, challenging gender norms and redefining female characters in video games. Her wit, intelligence, and courage as she explores ancient tombs and uncovers mysteries have solidified her as a gaming icon.

Master Chief, the Spartan soldier from the ""Halo"" series, embodies resilience and strength. Clad in his distinctive armor, he is the epitome of a hero defending humanity against alien threats, captivating players with his stoic determination and unwavering sense of duty.

In the expansive world of role-playing games, Geralt of Rivia, from ""The Witcher"" series, stands out. As a monster hunter with a complex moral compass, Geralt navigates a morally ambiguous world, reflecting the choices and consequences that players face in their own journeys.

These characters, and countless others, have become the faces of gaming, imprinting their personas on the culture of video games. As technology advances and storytelling evolves, we can only anticipate meeting new and exciting characters that will captivate and immerse us in the ever-expanding realms of virtual adventures.","Mario, LaraCroft, MasterChief, GeraltOfRivia"
"Celebrity Chefs: Masters of Culinary Craft

In the world of gastronomy, certain chefs have risen to iconic status, captivating the culinary world with their expertise, creativity, and passion for food. These chefs have become household names, celebrated for their exceptional talent and contributions to the art of cooking.

Gordon Ramsay, a renowned British chef and television personality, is known for his intense culinary skills and no-nonsense attitude. With multiple Michelin stars under his belt, Ramsay has become synonymous with top-tier dining experiences and is a mentor to aspiring chefs on various cooking shows.

Julia Child, an American chef and author, introduced French cuisine to the American public through her groundbreaking television series and cookbooks. Her affable personality and dedication to making gourmet cooking accessible to all have left a lasting legacy in the culinary world.

Anthony Bourdain, a chef, author, and television host, took audiences on a global culinary journey through his shows. Known for his candid storytelling and adventurous palate, Bourdain showcased diverse cuisines and cultures, encouraging culinary exploration and understanding.

Emeril Lagasse, an American chef, and television personality, is widely recognized for popularizing Cajun and Creole cuisine. His catchphrases and vibrant cooking style made him a household name, and his influence on modern American cooking is profound.

These chefs, along with numerous others, have shaped the way we perceive and experience food. Their innovation, dedication, and love for the culinary arts have not only elevated gastronomy but have also inspired a new generation of chefs to push the boundaries of what's possible in the kitchen.","GordonRamsay, JuliaChild, AnthonyBourdain, EmerilLagasse"
"Game Developers: Architects of Virtual Worlds

In the realm of gaming, developers are the creative minds and architects behind the virtual landscapes that captivate players worldwide. These talented individuals and teams design, program, and bring to life the games that offer immersive experiences and transport players to diverse and exciting universes.

Hideo Kojima, a visionary game developer, is celebrated for his groundbreaking work in the ""Metal Gear"" series. Known for his innovative storytelling and attention to detail, Kojima's creations have set new standards in the gaming industry, pushing the boundaries of narrative and gameplay.

Shigeru Miyamoto, often regarded as the father of modern video gaming, is the genius behind iconic franchises like ""Super Mario"" and ""The Legend of Zelda."" His pioneering vision and revolutionary designs have shaped the foundation of the gaming world, influencing generations of gamers and developers.

Gabe Newell, co-founder of Valve Corporation, has played a crucial role in the development of iconic games like ""Half-Life"" and the digital distribution platform Steam. His innovative approach to gaming and commitment to excellence have earned him widespread recognition and respect in the gaming community.

Todd Howard, known for his work on the ""Elder Scrolls"" and ""Fallout"" series, is revered for his contribution to open-world, role-playing games. Howard's creativity and dedication to creating expansive and immersive game worlds have garnered a devoted fan base and critical acclaim.

These game developers, and many more like them, are the driving force behind the gaming industry's growth and innovation. Their passion, creativity, and tireless effort continue to shape the future of gaming, captivating players and pushing the boundaries of what gaming can achieve.","HideoKojima, ShigeruMiyamoto, GabeNewell, ToddHoward"
"Astronauts: Pioneers of the Cosmos

Astronauts, the intrepid explorers of the cosmos, are individuals who venture beyond our planet to unravel the mysteries of the universe. They undertake rigorous training and risk their lives to advance humanity's understanding of space and its potential for exploration and habitation.

Yuri Gagarin, a Soviet cosmonaut, made history on April 12, 1961, by becoming the first human to journey into outer space. His orbital flight aboard Vostok 1 marked the beginning of human space exploration, inspiring generations of future astronauts to follow in his footsteps.

Neil Armstrong, Buzz Aldrin, and Michael Collins were the crew of NASA's Apollo 11 mission, which achieved the monumental feat of landing the first humans on the moon on July 20, 1969. Neil Armstrong's famous words, ""That's one small step for man, one giant leap for mankind,"" echoed globally, marking a defining moment in human achievement.

Valentina Tereshkova, the first woman to travel to space, flew aboard Vostok 6 on June 16, 1963. Her journey broke barriers and opened doors for women in the field of space exploration, inspiring future generations of female astronauts.

Chris Hadfield, a Canadian astronaut, became a social media sensation during his time on the International Space Station (ISS). Through his tweets, videos, and music performances, he shared the wonders of space and life aboard the ISS, captivating audiences around the world.

Astronauts exemplify human courage, intellect, and determination, pushing the boundaries of what is possible and expanding our understanding of the cosmos. As we continue to look to the stars and dream of interplanetary travel, astronauts will remain at the forefront of this extraordinary journey into the great unknown.","YuriGagarin, NeilArmstrong, BuzzAldrin, MichaelCollins, ValentinaTereshkova, ChrisHadfield"
"Actors: Weaving Dreams on the Silver Screen

Actors, the captivating souls who bring stories to life, transport audiences to different worlds and evoke a myriad of emotions. Through their performances, they breathe life into characters, giving them depth and personality, and leaving a lasting impact on the hearts and minds of viewers.

Sir Laurence Olivier, a British thespian, was hailed as one of the greatest actors of the 20th century. His versatility and exceptional talent across stage and screen earned him critical acclaim and numerous awards, leaving an indelible mark on the world of acting.

Meryl Streep, often regarded as one of the finest actresses of her generation, has graced the silver screen with her unmatched talent. Known for her chameleon-like ability to transform into diverse characters, Streep's performances have garnered widespread admiration and an impressive collection of awards.

Amitabh Bachchan, a legendary actor in Indian cinema, is an icon in the Bollywood industry. His commanding presence, powerful acting, and charismatic persona have made him a beloved figure, not only in India but also globally, leaving an indelible imprint on the world of entertainment.

Audrey Hepburn, a timeless Hollywood icon, captivated audiences with her elegance, grace, and talent. Her performances in movies like ""Breakfast at Tiffany's"" and ""Roman Holiday"" have become cinematic classics, showcasing her enduring influence on film and fashion.

Actors are the epitome of creativity and expression, showcasing the depth and breadth of human emotions. They connect us to stories and characters, making us laugh, cry, and think. As they continue to captivate us with their craft, actors remind us of the transformative power of storytelling and its ability to unite people from all walks of life.","LaurenceOlivier, MerylStreep, AmitabhBachchan, AudreyHepburn"
"Actresses: Shining Stars of the Silver Screen

Actresses, the luminous beacons of talent and grace, illuminate the silver screen with their exceptional performances, captivating audiences and etching their names in the annals of cinema. Their dedication, versatility, and ability to embody characters breathe life into stories, leaving an indelible mark on the world of entertainment.

Marilyn Monroe, an iconic American actress and model, transcended the silver screen to become a cultural phenomenon. Known for her beauty, charisma, and memorable performances in movies like ""Some Like It Hot"" and ""Gentlemen Prefer Blondes,"" Monroe's influence on pop culture and film remains unparalleled.

Meryl Streep, often hailed as the ""actor's actor,"" is a beacon of talent and versatility. Her ability to seamlessly immerse herself in diverse roles has earned her numerous accolades and made her a revered figure in the world of acting. Streep's performances in films like ""Sophie's Choice"" and ""The Iron Lady"" showcase her extraordinary range and depth as an actress.

Audrey Hepburn, an epitome of elegance and grace, left an indelible mark on Hollywood's Golden Age. Her timeless performances in classics like ""Roman Holiday,"" ""Breakfast at Tiffany's,"" and ""My Fair Lady"" showcased her unmatched talent and enduring influence on the film industry.

Priyanka Chopra Jonas, a global icon and former Miss World, has successfully transitioned from Bollywood to Hollywood. With her exceptional acting skills and charisma, she has made her mark in both Indian and international cinema, becoming a trailblazer for aspiring actors worldwide.

These actresses, among many others, continue to inspire and enchant audiences with their performances. Their ability to bring characters to life and evoke emotions demonstrates the profound impact of storytelling through the lens of talented and dedicated actresses.","MarilynMonroe, MerylStreep, AudreyHepburn, PriyankaChopraJonas"
"Fighters: Warriors in the Ring

Fighters, the epitome of strength, discipline, and determination, step into the ring to test their mettle and face challenges head-on. Whether in martial arts, boxing, or mixed martial arts (MMA), these warriors showcase incredible skill and resilience as they strive for victory and mastery of their craft.

Muhammad Ali, often regarded as one of the greatest boxers of all time, was not only known for his prowess in the ring but also for his charisma and activism outside of it. His fights with Sonny Liston, Joe Frazier, and George Foreman are legendary, solidifying his status as an icon in the world of boxing.

Bruce Lee, a martial arts legend, revolutionized the film industry and martial arts culture. His philosophy of Jeet Kune Do and his groundbreaking martial arts skills influenced a generation, showcasing martial arts as both a discipline and an art form.

Ronda Rousey, a trailblazer in women's MMA, broke barriers and became the first woman to sign with the UFC. Her fierce skills and determination brought attention to women's combat sports, paving the way for future female fighters.

Conor McGregor, an Irish MMA superstar, is known for his dynamic fighting style and charismatic personality. McGregor's rise to stardom and his ability to draw massive crowds to his fights have made him a household name in the world of combat sports.

These fighters, and many more, embody the spirit of perseverance and strength. Their dedication to their craft and the challenges they overcome inspire countless individuals to push their limits and strive for greatness. In the world of fighting, they remain symbols of courage, skill, and the indomitable human spirit.","MuhammadAli ,BruceLee, RondaRousey, ConorMcGregor, JoeFrazier"
